#Fichier_image;Lien;Titre du site
ambrosia.png;http://ambrosia.forums-actifs.com/;Ambrosia
rome.png;http://rome.jeuforum.fr/;Rome
blackout.gif;http://black-out.forumactif.org/;Black Out
xmen.png;http://xmh-the-after-years.forum-gratuit.tv/;X Men
walkingdead.png;http://walkingdead-rpg.forumactif.org/;Walking Dead
moonlightrises.png;http://moonlight-rises.forumactif.org/;Moonlight Rises
carmilla.png;http://www.carmillarpg.com/forum/;Carmilla
ethernia.png;http://ethernia-renouveau.jdrforum.com/;Ethernia
jdr.jpg;http://jeuderevesannuairerp.forumactif.org/;Jeu de RÃªves
Ashes.jpg;http://hopeless-playground.forumactif.org/;Ashes of a hopeless playground
